INSERT INTO CUSTOMER VALUES ('C10011','Tony Lim','tonylim@gmail.com');
INSERT INTO CUSTOMER VALUES ('C10012','Tharman Krishna','tharman@gmail.com');
INSERT INTO CUSTOMER VALUES ('C10013','Tang King King','tankk@gmail.com');
INSERT INTO CUSTOMER VALUES ('C10014','Halim Ibrahim','halim@gmail.com');
INSERT INTO CUSTOMER VALUES ('C10015','George Lim','georgelim@gmail.com');
INSERT INTO CUSTOMER VALUES ('C10016','Linda Chew','lindachew@gmail.com');
INSERT INTO CUSTOMER VALUES ('C10017','Steven Ong','stevenong@gmail.com');
INSERT INTO CUSTOMER VALUES ('C10018','Siti Aisyah', 'aisyah@gmail.com');

INSERT INTO MEMBER VALUES ('EARLYBIRDS','C10011');
INSERT INTO MEMBER VALUES ('EARLYBIRDS','C10012');
INSERT INTO MEMBER VALUES ('EARLYBIRDS','C10013');
INSERT INTO MEMBER VALUES ('BIRTHDAY','C10012');
INSERT INTO MEMBER VALUES ('BIRTHDAY','C10013');
INSERT INTO MEMBER VALUES ('BIRTHDAY','C10014');
INSERT INTO MEMBER VALUES ('HOLIDAYS','C10014');
INSERT INTO MEMBER VALUES ('HOLIDAYS','C10015');
INSERT INTO MEMBER VALUES ('HOLIDAYS','C10016');

INSERT INTO ELITEMEMBER VALUES ('EARLYBIRDS','C10011',25);
INSERT INTO ELITEMEMBER VALUES ('EARLYBIRDS','C10012',30);
INSERT INTO ELITEMEMBER VALUES ('EARLYBIRDS','C10013',20);
INSERT INTO ELITEMEMBER VALUES ('BIRTHDAY','C10012',30);
INSERT INTO ELITEMEMBER VALUES ('BIRTHDAY','C10013',25);

INSERT INTO REGULARMEMBER VALUES ('EARLYBIRDS','C10012',30);
INSERT INTO REGULARMEMBER VALUES ('EARLYBIRDS','C10013',20);
INSERT INTO REGULARMEMBER VALUES ('BIRTHDAY','C10014',3000);
INSERT INTO REGULARMEMBER VALUES ('HOLIDAYS','C10014',3000);
INSERT INTO REGULARMEMBER VALUES ('HOLIDAYS','C10015',2000);
INSERT INTO REGULARMEMBER VALUES ('HOLIDAYS','C10016',2500);

INSERT INTO PRODUCT VALUES ('M111', 'iPhone-15', 'Silver professional', 1300);
INSERT INTO PRODUCT VALUES ('M112', 'iPhone-12', 'Silver professional', 800);
INSERT INTO PRODUCT VALUES ('M113', 'Huawei-Mate-60', 'Silver professional', 900);
INSERT INTO PRODUCT VALUES ('M114', 'Huawei-Mate-x5', 'foldable', 1800);
INSERT INTO PRODUCT VALUES ('M115', 'Sumsung-Galaxy-Z', 'foldable', 2800);
INSERT INTO PRODUCT VALUES ('M116', 'Sumsung-Galaxy-S23', NULL, 1000);

INSERT INTO PURCHASE VALUES ('P2001', 'C10011', '2023-11-01', 'M111', 1);
INSERT INTO PURCHASE VALUES ('P2002', 'C10011', '2023-10-12', 'M112', 1);
INSERT INTO PURCHASE VALUES ('P2003', 'C10012', '2022-08-11', 'M112', 3);
INSERT INTO PURCHASE VALUES ('P2004', 'C10012', '2022-07-22', 'M113', 5);
INSERT INTO PURCHASE VALUES ('P2005', 'C10013', '2022-11-21', 'M111', 2);
INSERT INTO PURCHASE VALUES ('P2006', 'C10014', '2023-08-13', 'M112', 1);
INSERT INTO PURCHASE VALUES ('P2007', 'C10015', '2023-05-03', 'M115', 1);
INSERT INTO PURCHASE VALUES ('P2008', 'C10016', '2023-04-06', 'M114', 3);
INSERT INTO PURCHASE VALUES ('P2009', 'C10016', '2023-06-01', 'M116', 10);
INSERT INTO PURCHASE VALUES ('P2010', 'C10016', '2023-12-11', 'M113', 1);
INSERT INTO PURCHASE VALUES ('P2011', 'C10018', '2023-01-22', 'M111', 12);
INSERT INTO PURCHASE VALUES ('P2012', 'C10018', '2023-11-23', 'M112', 1);
